date,<OPEN>,<HIGH>,<LOW>,<CLOSE>,Номинал,"Ставка купона,  % годовых",Размер выплаты
2020-11-11,97.299,97.299,97.1,97.15,0.0,0,0
2020-11-12,98.0,98.0,97.1,97.199,0.0,0,0
2020-11-13,97.149,97.197,97.099,97.15,0.0,0,0
2020-11-16,97.249,97.25,97.09,97.095,0.0,0,0
2020-11-17,96.001,97.229,96.001,97.229,0.0,0,0
2020-11-18,97.3,97.301,97.3,97.3,0.0,0,0
2020-11-19,97.35,97.4,97.35,97.4,0.0,0,0
2020-11-20,97.999,97.999,97.35,97.35,0.0,0,0
2020-11-23,97.351,97.499,97.351,97.45,0.0,0,0
2020-11-24,97.498,97.498,97.4,97.4,0.0,0,0
2020-11-25,97.45,97.46,97.44,97.45,0.0,0,0
2020-11-26,97.43,97.43,97.419,97.42,0.0,0,0
2020-11-27,97.42,97.44,97.42,97.42,0.0,0,0
2020-11-30,97.499,97.499,97.4,97.45,0.0,0,0
2020-12-01,97.499,97.6,97.405,97.6,0.0,0,0
2020-12-02,97.55,97.6,97.45,97.45,0.0,0,0
2020-12-03,97.649,97.7,97.62,97.62,0.0,0,0
2020-12-04,97.7,97.949,97.7,97.701,0.0,0,0
2020-12-07,97.75,97.85,97.7,97.75,0.0,0,0
2020-12-08,97.777,98.0,97.75,97.8,0.0,0,0
2020-12-09,97.849,97.849,97.8,97.849,0.0,0,0
2020-12-10,97.849,97.85,97.849,97.85,0.0,0,0
2020-12-11,97.799,97.799,97.651,97.651,0.0,0,0
2020-12-14,97.75,97.75,97.75,97.75,0.0,0,0
2020-12-15,97.749,97.749,97.749,97.749,0.0,0,0
2020-12-16,97.748,97.748,97.699,97.699,0.0,0,0
2020-12-17,97.9,97.9,97.67,97.749,0.0,0,0
2020-12-18,97.749,97.899,97.651,97.899,0.0,0,0
2020-12-21,97.651,97.699,97.6,97.699,0.0,0,0
2020-12-22,97.699,97.699,97.699,97.699,0.0,0,0
2020-12-23,97.699,97.699,97.65,97.65,0.0,0,0
2020-12-24,97.749,97.749,97.67,97.749,0.0,0,0
2020-12-25,97.699,97.699,97.66,97.66,0.0,0,0
2020-12-28,97.699,97.699,97.551,97.651,0.0,0,0
2020-12-29,96.699,97.66,96.66,97.651,0.0,0,0
2020-12-30,97.65,97.85,97.1,97.65,0.0,0,0
2021-01-04,98.5,98.5,98.5,98.5,0.0,0,0
2021-01-06,98.5,98.5,98.5,98.5,0.0,0,0
2021-01-08,98.0,98.0,98.0,98.0,0.0,0,0
2021-01-11,97.7,97.749,97.651,97.749,0.0,0,0
2021-01-12,97.8,97.8,97.8,97.8,0.0,0,0
2021-01-13,97.749,97.749,97.749,97.749,0.0,0,0
2021-01-14,97.749,97.749,97.74,97.74,0.0,0,0
2021-01-15,97.74,97.74,97.66,97.66,0.0,0,0
2021-01-19,97.661,97.7,97.661,97.7,0.0,0,0
2021-01-20,98.0,98.0,97.651,97.7,0.0,0,0
2021-01-21,97.749,97.749,97.749,97.749,0.0,0,0
2021-01-22,97.699,97.699,97.699,97.699,0.0,0,0
2021-01-25,97.7,97.7,97.7,97.7,0.0,0,0
2021-01-27,97.7,97.7,97.699,97.699,0.0,0,0
2021-01-28,97.67,97.699,97.65,97.65,0.0,0,0
2021-01-29,97.65,97.65,97.65,97.65,0.0,0,0
2021-02-01,97.65,97.65,97.65,97.65,0.0,0,0
2021-02-02,98.0,98.0,97.611,97.7,0.0,0,0
2021-02-03,97.7,97.7,97.6,97.6,0.0,0,0
2021-02-04,97.699,97.699,97.699,97.699,0.0,0,0
2021-02-05,97.8,97.8,96.0,97.611,0.0,0,0
2021-02-08,97.611,97.749,97.5,97.5,0.0,0,0
2021-02-09,98.0,98.0,97.5,97.5,0.0,0,0
2021-02-10,97.7,97.7,97.7,97.7,0.0,0,0
2021-02-12,97.551,97.551,97.491,97.491,0.0,0,0
2021-02-15,97.65,97.65,97.471,97.471,0.0,0,0
2021-02-16,97.999,97.999,97.441,97.441,0.0,0,0
2021-02-17,97.451,97.451,97.451,97.451,0.0,0,0
2021-02-18,97.549,97.549,97.441,97.549,0.0,0,0
2021-02-19,97.499,97.499,97.4,97.4,0.0,0,0
2021-02-20,97.999,97.999,97.999,97.999,0.0,0,0
2021-02-24,97.431,97.499,97.401,97.499,0.0,0,0
2021-02-25,97.25,97.51,97.25,97.51,0.0,0,0
2021-02-26,97.459,97.65,97.421,97.65,0.0,0,0
2021-03-03,97.499,97.499,97.499,97.499,0.0,0,0
2021-03-04,97.549,97.59,97.549,97.59,0.0,0,0
2021-03-05,97.62,97.62,97.619,97.619,0.0,0,0
2021-03-09,97.599,97.599,97.451,97.58,0.0,0,0
2021-03-11,97.599,97.599,97.599,97.599,0.0,0,0
2021-03-15,97.7,97.719,97.7,97.71,0.0,0,0
2021-03-16,98.0,98.0,97.551,97.799,0.0,0,0
2021-03-17,97.711,97.799,97.651,97.651,0.0,0,0
2021-03-18,97.799,97.799,97.731,97.75,0.0,0,0
2021-03-19,97.75,97.75,97.75,97.75,0.0,0,0
2021-03-22,97.55,97.798,96.0,97.751,0.0,0,0
2021-03-23,97.7,98.0,97.7,97.9,0.0,0,0
2021-03-24,97.849,98.0,97.849,98.0,0.0,0,0
2021-03-25,97.751,97.751,97.751,97.751,0.0,0,0
2021-03-26,97.849,97.849,97.751,97.751,0.0,0,0
2021-03-29,97.849,97.849,97.849,97.849,0.0,0,0
2021-03-30,97.849,97.849,97.848,97.848,0.0,0,0
2021-03-31,97.751,97.849,97.751,97.849,1000.0,"4,12","15,82"
2021-04-01,97.8,97.8,97.8,97.8,0.0,0,0
2021-04-02,97.751,97.751,97.751,97.751,0.0,0,0
2021-04-05,97.8,97.849,97.8,97.849,0.0,0,0
2021-04-06,97.849,97.849,97.849,97.849,0.0,0,0
2021-04-07,97.849,98.0,97.8,98.0,0.0,0,0
2021-04-08,97.8,97.849,97.8,97.849,0.0,0,0
2021-04-12,97.849,97.849,97.849,97.849,0.0,0,0
2021-04-14,97.849,97.849,97.849,97.849,0.0,0,0
2021-04-15,97.0,97.849,97.0,97.711,0.0,0,0
2021-04-16,98.0,98.0,97.75,97.751,0.0,0,0
2021-04-19,97.711,97.801,97.711,97.8,0.0,0,0
2021-04-20,97.849,97.849,97.8,97.849,0.0,0,0
2021-04-23,101.901,101.901,101.901,101.901,0.0,0,0
2021-04-26,97.849,97.849,97.751,97.751,0.0,0,0
2021-04-27,98.8,98.8,97.849,97.849,0.0,0,0
2021-04-28,97.849,97.849,97.849,97.849,0.0,0,0
2021-04-30,97.849,97.849,97.849,97.849,0.0,0,0
2021-05-04,97.849,97.849,97.849,97.849,0.0,0,0
2021-05-05,97.849,97.849,97.849,97.849,0.0,0,0
2021-05-07,98.8,98.8,98.8,98.8,0.0,0,0
2021-05-10,97.76,97.76,97.76,97.76,0.0,0,0
2021-05-11,97.76,97.848,97.76,97.848,0.0,0,0
2021-05-12,97.849,97.859,97.849,97.859,0.0,0,0
2021-05-13,97.849,97.85,97.849,97.85,0.0,0,0
2021-05-14,97.85,97.85,97.85,97.85,0.0,0,0
2021-05-17,99.0,99.0,97.85,97.9,0.0,0,0
2021-05-18,97.91,97.919,97.91,97.919,0.0,0,0
2021-05-19,99.0,99.0,97.899,98.049,0.0,0,0
2021-05-20,97.999,98.5,97.999,98.5,0.0,0,0
2021-05-21,98.029,98.099,98.029,98.099,0.0,0,0
2021-05-24,98.109,98.349,98.1,98.349,0.0,0,0
2021-05-25,98.349,98.449,98.349,98.449,0.0,0,0
2021-05-26,98.449,98.649,98.449,98.6,0.0,0,0
2021-05-27,97.862,98.649,97.862,98.55,0.0,0,0
2021-05-28,98.699,98.749,98.6,98.6,0.0,0,0
2021-05-31,98.2,98.749,98.2,98.749,0.0,0,0
2021-06-01,98.749,98.749,98.1,98.7,0.0,0,0
2021-06-02,98.6,98.6,98.4,98.4,0.0,0,0
2021-06-03,98.499,98.549,98.4,98.549,0.0,0,0
2021-06-07,98.549,98.549,98.549,98.549,0.0,0,0
2021-06-08,98.545,98.579,97.761,98.579,0.0,0,0
2021-06-09,98.55,98.55,98.55,98.55,0.0,0,0
2021-06-10,98.579,98.579,98.579,98.579,0.0,0,0
2021-06-11,97.762,98.749,97.762,98.749,0.0,0,0
2021-06-14,98.999,98.999,98.999,98.999,0.0,0,0
2021-06-15,97.912,97.912,97.911,97.911,0.0,0,0
2021-06-16,98.579,98.7,98.55,98.55,0.0,0,0
2021-06-18,98.45,98.45,98.45,98.45,0.0,0,0
2021-06-21,98.55,98.589,98.55,98.589,0.0,0,0
2021-06-22,98.589,98.589,98.589,98.589,0.0,0,0
2021-06-23,98.45,98.45,98.45,98.45,0.0,0,0
2021-06-24,98.6,98.6,98.55,98.55,0.0,0,0
2021-06-25,98.45,98.6,98.45,98.6,0.0,0,0
2021-06-28,98.45,98.6,98.45,98.45,0.0,0,0
2021-06-30,97.761,98.6,97.761,98.6,1000.0,"4,7","11,72"
2021-07-02,97.802,98.699,97.802,98.699,0.0,0,0
2021-07-05,98.452,98.6,98.452,98.6,0.0,0,0
2021-07-06,98.549,98.7,98.549,98.7,0.0,0,0
2021-07-07,98.75,98.75,98.599,98.599,0.0,0,0
2021-07-12,98.499,98.549,98.499,98.549,0.0,0,0
2021-07-13,98.999,98.999,98.5,98.849,0.0,0,0
2021-07-14,98.502,98.8,98.501,98.7,0.0,0,0
2021-07-15,98.798,98.799,98.798,98.799,0.0,0,0
2021-07-19,99.0,99.0,98.75,98.75,0.0,0,0
2021-07-20,98.7,98.799,98.7,98.7,0.0,0,0
2021-07-21,98.799,98.799,98.799,98.799,0.0,0,0
2021-07-22,98.75,98.759,98.75,98.75,0.0,0,0
2021-07-23,98.7,98.7,98.7,98.7,0.0,0,0
2021-07-26,98.749,98.749,98.749,98.749,0.0,0,0
2021-07-27,98.729,98.729,98.729,98.729,0.0,0,0
2021-07-29,98.7,98.7,98.7,98.7,0.0,0,0
2021-07-30,98.694,98.694,98.694,98.694,0.0,0,0
2021-08-02,98.013,98.68,98.011,98.68,0.0,0,0
2021-08-03,98.45,98.45,98.45,98.45,0.0,0,0
2021-08-04,98.599,98.599,98.599,98.599,0.0,0,0
2021-08-05,98.54,98.54,98.54,98.54,0.0,0,0
2021-08-06,98.4,98.4,98.1,98.1,0.0,0,0
2021-08-09,98.52,98.52,98.52,98.52,0.0,0,0
2021-08-10,98.598,98.598,98.4,98.4,0.0,0,0
2021-08-12,98.58,98.598,98.58,98.598,0.0,0,0
2021-08-13,98.598,98.599,98.598,98.599,0.0,0,0
2021-08-16,98.649,98.649,98.649,98.649,0.0,0,0
2021-08-17,98.59,98.59,98.59,98.59,0.0,0,0
2021-08-20,98.5,98.5,98.1,98.1,0.0,0,0
2021-08-23,98.35,98.35,98.2,98.2,0.0,0,0
2021-08-25,97.849,98.45,97.849,98.16,0.0,0,0
2021-08-30,98.3,98.3,98.3,98.3,0.0,0,0
2021-09-01,97.79,98.449,97.79,98.3,0.0,0,0
2021-09-02,98.201,98.201,98.201,98.201,0.0,0,0
2021-09-06,98.399,98.399,98.399,98.399,0.0,0,0
2021-09-07,98.2,98.2,98.2,98.2,0.0,0,0
2021-09-08,98.3,98.3,98.25,98.25,0.0,0,0
2021-09-10,98.399,98.399,98.399,98.399,0.0,0,0
2021-09-14,98.449,98.45,98.449,98.449,0.0,0,0
2021-09-17,98.3,98.475,98.3,98.475,0.0,0,0
2021-09-21,98.4,98.5,98.4,98.42,0.0,0,0
2021-09-22,98.45,98.45,98.45,98.45,0.0,0,0
2021-09-23,98.082,98.082,98.082,98.082,0.0,0,0
2021-09-24,98.301,98.301,98.3,98.3,0.0,0,0
2021-09-27,98.053,98.5,98.053,98.5,0.0,0,0
2021-09-28,98.4,98.4,98.4,98.4,0.0,0,0
2021-09-29,99.2,99.2,99.2,99.2,1000.0,"6,1","15,21"
2021-09-30,98.498,102.268,98.498,102.268,0.0,0,0
2021-10-01,98.251,98.251,98.251,98.251,0.0,0,0
2021-10-04,98.499,98.499,98.499,98.499,0.0,0,0
2021-10-05,98.311,98.311,98.311,98.311,0.0,0,0
2021-10-06,98.999,98.999,98.361,98.361,0.0,0,0
2021-10-07,98.499,98.499,98.499,98.499,0.0,0,0
2021-10-08,98.499,102.327,98.499,102.327,0.0,0,0
2021-10-11,98.351,98.499,98.351,98.43,0.0,0,0
2021-10-13,98.072,98.072,98.072,98.072,0.0,0,0
2021-10-15,98.999,98.999,98.073,98.073,0.0,0,0
2021-10-18,98.498,102.029,98.45,102.029,0.0,0,0
2021-10-19,98.499,98.499,98.499,98.499,0.0,0,0
2021-10-21,98.2,98.499,98.2,98.499,0.0,0,0
2021-10-22,98.498,98.498,98.498,98.498,0.0,0,0
2021-10-27,98.999,98.999,98.999,98.999,0.0,0,0
2021-10-28,98.499,98.499,98.056,98.107,0.0,0,0
2021-10-29,98.499,98.499,98.499,98.499,0.0,0,0
2021-11-02,98.499,98.499,98.499,98.499,0.0,0,0
2021-11-03,98.999,98.999,95.76,98.0,0.0,0,0
2021-11-05,98.984,98.984,98.86,98.86,0.0,0,0
2021-11-08,98.999,99.0,98.116,98.116,0.0,0,0
2021-11-09,98.152,98.499,98.152,98.499,0.0,0,0
2021-11-10,98.45,98.45,98.45,98.45,0.0,0,0
2021-11-11,98.42,98.499,98.42,98.45,0.0,0,0
2021-11-12,98.45,98.499,98.45,98.499,0.0,0,0
2021-11-15,98.45,98.499,98.45,98.499,0.0,0,0
2021-11-16,98.499,98.499,98.212,98.45,0.0,0,0
2021-11-17,98.45,99.199,98.4,99.199,0.0,0,0
2021-11-18,98.45,98.5,98.45,98.5,0.0,0,0
2021-11-19,98.45,98.45,98.45,98.45,0.0,0,0
2021-11-22,98.549,102.134,98.212,102.134,0.0,0,0
2021-11-23,98.451,99.199,98.1,99.199,0.0,0,0
2021-11-24,98.212,98.212,98.211,98.211,0.0,0,0
2021-11-25,98.45,98.55,98.45,98.55,0.0,0,0
2021-11-26,98.231,102.293,98.231,102.293,0.0,0,0
2021-11-29,98.449,102.155,98.449,102.155,0.0,0,0
2021-11-30,98.451,99.199,98.45,99.199,0.0,0,0
2021-12-01,98.45,98.599,98.45,98.599,0.0,0,0
2021-12-02,99.199,99.199,98.45,98.45,0.0,0,0
2021-12-03,98.599,98.599,98.599,98.599,0.0,0,0
2021-12-06,98.5,98.5,98.5,98.5,0.0,0,0
2021-12-07,98.5,99.899,98.5,99.899,0.0,0,0
2021-12-08,98.699,98.78,98.699,98.78,0.0,0,0
2021-12-09,98.65,98.749,98.65,98.749,0.0,0,0
2021-12-10,98.749,98.749,98.232,98.749,0.0,0,0
2021-12-13,102.332,102.332,98.74,99.199,0.0,0,0
2021-12-14,98.759,98.759,98.75,98.759,0.0,0,0
2021-12-15,102.207,102.207,98.7,99.199,0.0,0,0
2021-12-16,98.759,98.759,98.759,98.759,0.0,0,0
2021-12-17,98.759,98.759,98.301,98.758,0.0,0,0
2021-12-20,102.228,102.228,98.759,99.199,0.0,0,0
2021-12-21,98.779,98.779,98.779,98.779,0.0,0,0
2021-12-22,99.199,99.199,99.199,99.199,0.0,0,0
2021-12-23,98.779,98.779,98.5,98.779,0.0,0,0
2021-12-24,98.82,102.673,98.779,102.673,0.0,0,0
2021-12-27,102.312,102.312,98.799,98.799,0.0,0,0
2021-12-28,98.829,102.091,98.751,102.091,0.0,0,0
2021-12-29,102.781,102.781,98.7,98.701,1000.0,"7,1","17,69"
2021-12-30,98.8,103.027,98.68,103.027,0.0,0,0
2022-01-03,99.199,99.7,99.199,99.7,0.0,0,0
2022-01-04,99.7,99.7,99.7,99.7,0.0,0,0
2022-01-05,99.7,99.7,99.7,99.7,0.0,0,0
2022-01-06,97.001,99.7,97.001,99.7,0.0,0,0
2022-01-10,98.702,98.999,98.702,98.702,0.0,0,0
2022-01-11,98.999,98.999,98.999,98.999,0.0,0,0
2022-01-12,98.802,99.6,98.802,99.6,0.0,0,0
2022-01-14,101.06,101.06,98.8,98.889,0.0,0,0
2022-01-17,98.89,99.699,97.2,98.897,0.0,0,0
2022-01-18,98.201,98.858,98.2,98.858,0.0,0,0
2022-01-19,99.698,99.7,96.001,96.001,0.0,0,0
2022-01-20,98.7,101.999,98.7,101.999,0.0,0,0
2022-01-21,101.999,101.999,98.6,99.798,0.0,0,0
2022-01-24,98.999,98.999,98.85,98.85,0.0,0,0
2022-01-25,100.762,100.763,98.6,100.763,0.0,0,0
2022-01-26,102.689,102.689,96.04,96.51,0.0,0,0
2022-01-27,102.7,102.719,98.7,100.151,0.0,0,0
2022-01-28,98.997,102.813,98.0,102.813,0.0,0,0
2022-01-31,98.85,102.429,98.005,102.429,0.0,0,0
2022-02-01,98.85,101.97,98.2,101.97,0.0,0,0
2022-02-02,98.85,102.167,98.799,98.8,0.0,0,0
2022-02-03,98.799,102.334,98.387,102.333,0.0,0,0
2022-02-04,98.8,102.518,98.8,102.518,0.0,0,0
2022-02-07,100.0,101.999,98.604,101.999,0.0,0,0
2022-02-08,98.546,101.999,98.374,101.999,0.0,0,0
2022-02-09,98.799,101.999,98.799,101.999,0.0,0,0
2022-02-10,98.8,102.0,98.8,102.0,0.0,0,0
2022-02-11,98.8,102.0,98.427,102.0,0.0,0,0
2022-02-14,98.352,102.0,98.35,102.0,0.0,0,0
2022-02-15,98.456,101.999,98.456,101.999,0.0,0,0
2022-02-16,98.8,101.999,98.8,101.999,0.0,0,0
2022-02-17,98.388,101.999,98.388,98.671,0.0,0,0
2022-02-18,98.401,101.999,98.401,101.997,0.0,0,0
2022-02-21,101.694,102.0,98.3,98.3,0.0,0,0
2022-02-22,98.8,101.999,98.8,101.999,0.0,0,0
2022-02-24,97.911,101.999,97.911,101.999,0.0,0,0
2022-02-25,96.246,98.006,96.245,98.0,0.0,0,0
2022-03-21,101.499,101.5,99.5,100.0,0.0,0,0
2022-03-22,101.498,101.498,99.99,100.0,0.0,0,0
2022-03-23,101.999,101.999,99.0,99.0,0.0,0,0
2022-03-24,99.4,99.9,99.4,99.9,0.0,0,0
2022-03-25,100.977,100.977,99.9,100.0,0.0,0,0
2022-03-28,100.0,100.0,99.074,100.0,0.0,0,0
2022-03-29,100.0,100.0,99.25,100.0,0.0,0,0
2022-03-30,99.047,100.0,99.047,100.0,1000.0,"11,62","28,97"
2022-03-31,100.0,100.0,100.0,100.0,0.0,0,0
2022-04-01,100.0,100.0,100.0,100.0,0.0,0,0
2022-04-05,100.0,100.0,95.44,99.497,0.0,0,0
2022-04-06,98.251,99.924,98.25,99.503,0.0,0,0
2022-04-07,99.6,99.6,99.498,99.498,0.0,0,0
2022-04-08,99.849,99.85,99.849,99.85,0.0,0,0
2022-04-11,100.0,100.0,99.85,99.85,0.0,0,0
2022-04-12,100.0,100.0,95.776,98.601,0.0,0,0
2022-04-13,100.0,100.0,98.7,99.85,0.0,0,0
2022-04-14,99.851,99.851,98.002,99.6,0.0,0,0
2022-04-15,99.6,99.6,99.1,99.549,0.0,0,0
2022-04-18,98.378,99.2,98.222,98.4,0.0,0,0
2022-04-19,98.41,99.59,98.39,99.198,0.0,0,0
2022-04-20,99.849,99.849,99.002,99.3,0.0,0,0
2022-04-21,99.5,99.5,98.481,99.3,0.0,0,0
2022-04-22,101.999,102.0,99.006,99.3,0.0,0,0
2022-04-25,99.111,99.999,98.473,99.5,0.0,0,0
2022-04-26,100.0,100.0,98.9,99.279,0.0,0,0
2022-04-27,99.263,99.263,98.7,98.7,0.0,0,0
2022-04-28,99.323,99.323,98.6,98.65,0.0,0,0
2022-04-29,99.462,99.462,98.743,98.743,0.0,0,0
2022-05-04,98.654,99.699,98.6,98.8,0.0,0,0
2022-05-05,98.9,98.9,98.6,98.7,0.0,0,0
2022-05-06,98.849,98.975,98.6,98.898,0.0,0,0
2022-05-11,99.294,99.299,98.601,98.999,0.0,0,0
2022-05-12,98.998,99.399,98.7,98.712,0.0,0,0
2022-05-13,99.196,99.299,99.196,99.299,0.0,0,0
2022-05-16,99.6,99.999,98.801,99.061,0.0,0,0
2022-05-17,98.999,99.0,98.843,99.0,0.0,0,0
2022-05-18,103.879,103.879,98.045,98.677,0.0,0,0
2022-05-19,99.0,99.0,98.701,98.702,0.0,0,0
2022-05-20,98.95,98.95,98.009,98.432,0.0,0,0
2022-05-23,99.396,99.396,97.202,98.9,0.0,0,0
2022-05-24,99.0,99.999,98.801,99.867,0.0,0,0
2022-05-25,99.867,99.867,98.801,98.9,0.0,0,0
2022-05-26,98.601,99.918,98.601,98.701,0.0,0,0
2022-05-27,99.8,99.81,98.501,98.801,0.0,0,0
2022-05-30,100.999,100.999,98.5,98.57,0.0,0,0
2022-05-31,98.889,102.632,98.65,102.632,0.0,0,0
2022-06-01,98.601,103.039,98.5,99.014,0.0,0,0
2022-06-02,99.0,100.878,98.609,100.878,0.0,0,0
2022-06-03,98.9,100.0,98.202,99.999,0.0,0,0
2022-06-06,99.001,100.969,98.0,99.001,0.0,0,0
2022-06-07,99.447,99.499,98.901,99.499,0.0,0,0
2022-06-08,99.5,99.5,99.0,99.1,0.0,0,0
2022-06-09,98.011,100.96,98.0,99.398,0.0,0,0
2022-06-10,99.499,99.9,99.0,99.348,0.0,0,0
2022-06-14,99.298,99.3,99.0,99.0,0.0,0,0
2022-06-15,99.001,99.001,98.446,98.8,0.0,0,0
2022-06-16,99.003,99.003,99.0,99.0,0.0,0,0
2022-06-17,98.65,98.995,98.65,98.995,0.0,0,0
2022-06-20,99.0,99.0,98.7,98.7,0.0,0,0
2022-06-21,98.798,98.849,98.307,98.849,0.0,0,0
2022-06-22,99.02,99.02,98.401,98.997,0.0,0,0
2022-06-23,98.9,99.001,98.6,98.601,0.0,0,0
2022-06-24,98.601,99.564,98.6,99.389,0.0,0,0
2022-06-27,100.899,100.9,98.4,98.701,0.0,0,0
2022-06-28,99.3,99.398,98.999,98.999,0.0,0,0
2022-06-29,98.999,99.0,98.6,99.0,1000.0,"14,46","36,06"
2022-06-30,99.999,99.999,98.6,98.9,0.0,0,0
2022-07-01,98.899,98.999,98.2,98.979,0.0,0,0
2022-07-04,98.101,98.798,98.101,98.65,0.0,0,0
2022-07-05,98.699,98.699,98.6,98.697,0.0,0,0
2022-07-06,98.552,98.8,98.552,98.8,0.0,0,0
2022-07-07,98.8,98.8,98.7,98.8,0.0,0,0
2022-07-08,98.8,98.8,98.799,98.799,0.0,0,0
2022-07-11,98.708,98.903,98.708,98.88,0.0,0,0
2022-07-12,98.996,98.996,98.5,98.697,0.0,0,0
2022-07-13,98.7,98.8,98.7,98.8,0.0,0,0
2022-07-14,98.7,98.8,98.6,98.6,0.0,0,0
2022-07-15,97.501,98.794,97.501,98.79,0.0,0,0
2022-07-18,98.9,98.9,98.65,98.65,0.0,0,0
2022-07-19,98.001,98.68,98.0,98.65,0.0,0,0
2022-07-20,98.837,98.85,98.65,98.66,0.0,0,0
2022-07-21,98.661,98.999,98.66,98.661,0.0,0,0
2022-07-22,98.848,98.851,98.652,98.84,0.0,0,0
2022-07-25,98.5,98.799,98.5,98.651,0.0,0,0
2022-07-26,99.882,99.882,98.746,98.83,0.0,0,0
2022-07-27,98.925,98.925,98.83,98.83,0.0,0,0
2022-07-28,98.83,98.83,98.83,98.83,0.0,0,0
2022-07-29,98.9,98.95,98.755,98.909,0.0,0,0
2022-08-01,99.001,99.001,98.7,98.9,0.0,0,0
2022-08-02,99.05,99.05,98.897,98.9,0.0,0,0
2022-08-03,98.95,99.0,98.9,99.0,0.0,0,0
2022-08-04,98.851,99.048,98.85,98.95,0.0,0,0
2022-08-05,99.866,99.866,98.808,99.0,0.0,0,0
2022-08-08,99.049,99.049,98.85,98.95,0.0,0,0
2022-08-09,99.048,99.048,98.85,98.9,0.0,0,0
2022-08-10,99.0,99.0,98.95,98.95,0.0,0,0
2022-08-11,98.804,98.999,98.804,98.931,0.0,0,0
2022-08-12,98.949,98.949,98.941,98.949,0.0,0,0
2022-08-15,98.949,98.95,98.949,98.95,0.0,0,0
2022-08-16,99.0,99.0,98.95,98.95,0.0,0,0
2022-08-17,98.9,99.0,98.9,98.921,0.0,0,0
2022-08-18,99.05,99.05,98.921,98.95,0.0,0,0
2022-08-19,99.022,99.05,98.9,98.9,0.0,0,0
2022-08-22,99.999,99.999,98.871,99.0,0.0,0,0
2022-08-23,98.95,98.95,98.95,98.95,0.0,0,0
2022-08-24,98.881,98.881,98.881,98.881,0.0,0,0
2022-08-25,98.803,98.949,98.801,98.801,0.0,0,0
2022-08-26,98.949,98.95,98.801,98.801,0.0,0,0
2022-08-29,98.802,98.899,98.802,98.85,0.0,0,0
2022-08-30,98.937,98.95,98.937,98.95,0.0,0,0
2022-08-31,98.95,98.95,98.95,98.95,0.0,0,0
2022-09-01,98.95,98.95,98.815,98.95,0.0,0,0
2022-09-02,98.999,99.0,98.999,99.0,0.0,0,0
2022-09-05,99.0,99.149,98.95,99.0,0.0,0,0
2022-09-06,99.148,99.15,98.953,99.0,0.0,0,0
2022-09-08,98.95,98.95,98.9,98.9,0.0,0,0
2022-09-09,98.5,99.099,98.5,98.806,0.0,0,0
2022-09-12,98.998,98.998,98.998,98.998,0.0,0,0
2022-09-13,98.832,98.832,98.832,98.832,0.0,0,0
2022-09-14,98.852,98.991,98.85,98.9,0.0,0,0
2022-09-15,99.0,99.0,98.85,98.999,0.0,0,0
2022-09-16,98.998,99.999,98.998,99.0,0.0,0,0
2022-09-19,94.917,99.199,94.917,99.0,0.0,0,0
2022-09-20,99.0,99.0,98.802,98.802,0.0,0,0
2022-09-21,98.8,100.0,97.999,98.899,0.0,0,0
2022-09-22,98.9,98.949,98.89,98.949,0.0,0,0
2022-09-23,99.1,99.1,98.85,98.95,0.0,0,0
2022-09-26,99.0,99.0,95.499,98.55,0.0,0,0
2022-09-27,100.0,100.0,98.7,98.9,0.0,0,0
2022-09-28,98.655,98.998,98.655,98.8,1000.0,"8,31","20,72"
2022-09-29,99.0,99.0,98.6,98.8,0.0,0,0
2022-09-30,98.8,98.8,94.491,98.799,0.0,0,0
2022-10-03,98.8,99.0,98.8,99.0,0.0,0,0
2022-10-04,102.582,102.582,98.7,98.8,0.0,0,0
2022-10-05,98.85,98.895,98.707,98.895,0.0,0,0
2022-10-06,98.701,98.85,98.7,98.849,0.0,0,0
2022-10-07,98.849,98.85,98.84,98.84,0.0,0,0
2022-10-10,98.7,98.85,98.0,98.849,0.0,0,0
2022-10-11,98.899,98.899,98.651,98.849,0.0,0,0
2022-10-12,102.83,102.83,98.651,98.85,0.0,0,0
2022-10-13,98.85,98.851,98.84,98.85,0.0,0,0
2022-10-14,98.85,98.85,98.711,98.8,0.0,0,0
2022-10-17,102.744,102.744,98.8,98.8,0.0,0,0
2022-10-18,98.8,98.8,98.8,98.8,0.0,0,0
2022-10-19,98.8,98.803,98.8,98.803,0.0,0,0
2022-10-20,98.803,98.803,98.731,98.8,0.0,0,0
2022-10-21,98.8,98.8,98.75,98.8,0.0,0,0
2022-10-24,98.652,98.94,98.651,98.94,0.0,0,0
2022-10-25,98.94,98.94,98.879,98.94,0.0,0,0
2022-10-26,101.0,101.0,98.939,98.94,0.0,0,0
2022-10-27,101.998,102.841,97.981,99.5,0.0,0,0
2022-10-28,98.77,98.94,98.74,98.741,0.0,0,0
2022-10-31,98.94,98.94,98.74,98.94,0.0,0,0
2022-11-01,98.939,98.939,98.752,98.939,0.0,0,0
2022-11-02,98.939,98.939,98.899,98.939,0.0,0,0
2022-11-03,98.654,98.939,98.653,98.899,0.0,0,0
2022-11-07,98.899,98.939,98.741,98.939,0.0,0,0
2022-11-08,101.895,101.895,98.74,98.94,0.0,0,0
2022-11-09,98.899,98.94,98.899,98.9,0.0,0,0
2022-11-10,101.571,101.571,98.744,98.93,0.0,0,0
2022-11-11,98.94,98.94,98.814,98.94,0.0,0,0
2022-11-14,98.899,98.899,98.899,98.899,0.0,0,0
2022-11-15,98.899,98.94,98.741,98.94,0.0,0,0
2022-11-16,98.898,98.939,98.801,98.939,0.0,0,0
2022-11-17,98.949,98.949,98.866,98.866,0.0,0,0
2022-11-18,98.938,98.942,98.928,98.94,0.0,0,0
2022-11-21,99.3,99.3,98.877,98.877,0.0,0,0
2022-11-22,98.938,98.94,98.93,98.94,0.0,0,0
2022-11-23,98.939,98.94,98.93,98.94,0.0,0,0
2022-11-24,98.94,99.16,98.93,98.939,0.0,0,0
2022-11-25,99.001,99.001,98.88,98.88,0.0,0,0
2022-11-28,98.854,98.998,98.854,98.94,0.0,0,0
2022-11-29,98.939,98.94,98.9,98.94,0.0,0,0
2022-11-30,98.877,98.94,98.79,98.94,0.0,0,0
2022-12-01,98.887,98.94,98.806,98.94,0.0,0,0
2022-12-02,102.938,102.938,98.743,98.94,0.0,0,0
2022-12-05,102.842,102.842,98.745,98.94,0.0,0,0
2022-12-06,98.746,98.94,98.746,98.94,0.0,0,0
2022-12-07,102.904,102.904,98.74,98.939,0.0,0,0
2022-12-08,98.741,98.94,98.741,98.94,0.0,0,0
2022-12-09,101.999,101.999,98.85,98.942,0.0,0,0
2022-12-12,98.848,101.907,98.3,98.94,0.0,0,0
2022-12-13,98.8,99.039,98.8,99.039,0.0,0,0
2022-12-14,98.998,99.039,98.874,98.874,0.0,0,0
2022-12-15,100.997,100.997,98.82,98.84,0.0,0,0
2022-12-16,101.998,101.998,98.146,98.85,0.0,0,0
2022-12-19,101.998,101.998,98.484,98.851,0.0,0,0
2022-12-20,98.848,98.849,98.65,98.849,0.0,0,0
2022-12-21,101.898,101.898,98.849,99.03,0.0,0,0
2022-12-22,98.939,99.0,98.886,99.0,0.0,0,0
2022-12-23,99.0,99.05,98.899,99.05,0.0,0,0
2022-12-26,99.05,99.053,98.854,99.051,0.0,0,0
2022-12-27,99.05,99.05,98.856,98.857,0.0,0,0
2022-12-28,99.05,99.052,98.85,99.052,1000.0,"7,5","18,7"
2022-12-29,99.05,99.051,98.851,99.05,0.0,0,0
2022-12-30,98.912,98.912,98.599,98.899,0.0,0,0
2023-01-03,98.702,98.903,98.702,98.903,0.0,0,0
2023-01-04,98.899,98.9,98.7,98.9,0.0,0,0
2023-01-05,98.752,98.93,98.728,98.93,0.0,0,0
2023-01-06,98.93,98.93,98.738,98.899,0.0,0,0
2023-01-09,98.89,99.113,98.7,98.899,0.0,0,0
2023-01-10,98.906,99.119,98.897,98.899,0.0,0,0
2023-01-11,98.899,98.899,98.765,98.899,0.0,0,0
2023-01-12,98.834,98.899,98.701,98.899,0.0,0,0
2023-01-13,98.899,98.899,98.849,98.898,0.0,0,0
2023-01-16,98.9,98.9,98.82,98.896,0.0,0,0
2023-01-17,98.896,98.896,98.723,98.849,0.0,0,0
2023-01-18,98.739,98.899,98.739,98.899,0.0,0,0
2023-01-19,98.899,98.899,98.798,98.899,0.0,0,0
2023-01-20,99.247,99.247,98.748,98.9,0.0,0,0
2023-01-23,98.899,98.936,98.831,98.92,0.0,0,0
2023-01-24,99.036,99.036,98.85,98.908,0.0,0,0
2023-01-25,98.9,98.901,98.85,98.901,0.0,0,0
2023-01-26,98.901,99.027,98.851,98.902,0.0,0,0
2023-01-27,98.9,99.057,98.841,99.057,0.0,0,0
2023-01-30,98.92,98.979,98.905,98.95,0.0,0,0
2023-01-31,98.95,99.05,98.855,99.049,0.0,0,0
2023-02-01,99.05,99.05,98.855,98.87,0.0,0,0
2023-02-02,99.099,99.099,98.86,99.05,0.0,0,0
2023-02-03,99.498,99.498,98.882,98.9,0.0,0,0
2023-02-06,98.924,99.048,98.873,99.048,0.0,0,0
2023-02-07,98.903,99.05,98.891,98.962,0.0,0,0
2023-02-08,98.979,99.051,98.9,99.051,0.0,0,0
2023-02-09,98.95,99.05,98.9,98.95,0.0,0,0
2023-02-10,99.29,99.29,98.9,98.9,0.0,0,0
2023-02-13,98.997,99.02,98.89,99.02,0.0,0,0
2023-02-14,98.949,99.02,98.861,99.02,0.0,0,0
2023-02-15,98.949,99.05,98.925,99.05,0.0,0,0
2023-02-16,99.0,99.05,98.637,98.85,0.0,0,0
2023-02-17,98.999,99.0,98.891,99.0,0.0,0,0
2023-02-20,99.079,99.15,98.9,99.15,0.0,0,0
2023-02-21,99.15,99.15,98.952,99.05,0.0,0,0
2023-02-22,99.05,99.051,98.851,98.851,0.0,0,0
2023-02-24,99.049,99.9,98.857,98.857,0.0,0,0
2023-02-27,98.85,99.049,97.2,99.0,0.0,0,0
2023-02-28,98.615,99.1,98.615,99.05,0.0,0,0
2023-03-01,99.0,99.05,98.9,99.05,0.0,0,0
2023-03-02,98.999,98.999,98.901,98.999,0.0,0,0
2023-03-03,98.93,99.05,98.93,99.05,0.0,0,0
2023-03-06,98.613,99.05,98.612,99.05,0.0,0,0
2023-03-07,99.109,99.109,98.997,99.05,0.0,0,0
2023-03-09,99.049,99.05,98.801,99.048,0.0,0,0
2023-03-10,99.029,99.029,98.901,99.02,0.0,0,0
2023-03-13,98.902,99.05,98.901,99.049,0.0,0,0
2023-03-14,98.999,99.149,98.999,99.05,0.0,0,0
2023-03-15,99.05,99.12,98.9,99.037,0.0,0,0
2023-03-16,99.047,99.05,98.85,98.85,0.0,0,0
2023-03-17,99.04,99.052,98.871,99.052,0.0,0,0
2023-03-20,98.811,99.051,98.811,99.045,0.0,0,0
2023-03-21,99.05,99.05,98.801,98.97,0.0,0,0
2023-03-22,98.959,98.959,98.9,98.9,0.0,0,0
2023-03-23,98.949,98.949,98.85,98.9,0.0,0,0
2023-03-24,98.9,98.9,98.8,98.9,0.0,0,0
2023-03-27,98.801,98.9,98.747,98.747,0.0,0,0
2023-03-28,98.742,99.1,98.742,98.951,0.0,0,0
2023-03-29,98.95,98.95,98.66,98.93,1000.0,"7,22","17,99"
2023-03-30,98.445,99.99,98.445,98.73,0.0,0,0
2023-03-31,99.082,99.094,98.8,98.93,0.0,0,0
2023-04-03,98.8,98.92,98.732,98.919,0.0,0,0
2023-04-04,98.918,99.048,98.85,99.04,0.0,0,0
2023-04-05,98.998,99.048,98.884,99.048,0.0,0,0
2023-04-06,98.851,100.302,98.85,100.3,0.0,0,0
2023-04-07,99.0,99.05,98.862,99.05,0.0,0,0
2023-04-10,98.786,99.05,98.786,99.04,0.0,0,0
2023-04-11,98.95,98.95,98.7,98.9,0.0,0,0
2023-04-12,98.8,98.949,98.8,98.949,0.0,0,0
2023-04-13,98.898,98.949,98.862,98.949,0.0,0,0
2023-04-14,98.9,98.949,98.762,98.86,0.0,0,0
2023-04-17,98.87,98.9,98.178,98.897,0.0,0,0
2023-04-18,98.897,98.9,98.509,98.84,0.0,0,0
2023-04-19,98.948,98.95,98.81,98.95,0.0,0,0
2023-04-20,98.849,98.95,98.758,98.95,0.0,0,0
2023-04-21,98.85,98.95,98.751,98.751,0.0,0,0
2023-04-24,98.948,98.95,98.78,98.916,0.0,0,0
2023-04-25,98.914,98.95,98.799,98.95,0.0,0,0
2023-04-26,98.835,98.923,98.75,98.9,0.0,0,0
2023-04-27,98.802,98.899,98.7,98.844,0.0,0,0
2023-04-28,98.898,99.049,98.718,98.718,0.0,0,0
2023-05-02,99.751,99.751,98.7,98.898,0.0,0,0
2023-05-03,98.896,98.9,98.701,98.703,0.0,0,0
2023-05-04,98.707,98.89,98.701,98.851,0.0,0,0
2023-05-05,98.827,98.899,98.701,98.899,0.0,0,0
2023-05-08,101.857,101.857,98.888,98.9,0.0,0,0
2023-05-10,98.899,98.901,98.761,98.901,0.0,0,0
2023-05-11,98.9,98.917,98.7,98.917,0.0,0,0
2023-05-12,98.9,98.9,98.716,98.9,0.0,0,0
2023-05-15,101.821,101.821,98.7,98.9,0.0,0,0
2023-05-16,101.755,101.756,98.7,98.9,0.0,0,0
2023-05-17,98.749,98.8,98.698,98.698,0.0,0,0
2023-05-18,98.755,98.899,98.7,98.85,0.0,0,0
2023-05-19,98.9,99.205,98.7,99.205,0.0,0,0
2023-05-22,99.204,99.204,98.688,98.85,0.0,0,0
2023-05-23,98.8,98.849,98.651,98.849,0.0,0,0
2023-05-24,98.8,98.849,98.653,98.849,0.0,0,0
2023-05-25,98.75,98.8,98.75,98.8,0.0,0,0
2023-05-26,98.799,98.8,98.609,98.8,0.0,0,0
2023-05-29,98.8,98.8,98.607,98.799,0.0,0,0
2023-05-30,98.799,98.804,98.652,98.804,0.0,0,0
2023-05-31,98.799,98.801,98.67,98.801,0.0,0,0
2023-06-01,98.707,98.799,98.704,98.799,0.0,0,0
2023-06-02,98.8,98.801,98.66,98.801,0.0,0,0
2023-06-05,98.849,98.85,98.609,98.7,0.0,0,0
2023-06-06,98.6,98.8,98.6,98.8,0.0,0,0
2023-06-07,98.669,98.899,98.6,98.899,0.0,0,0
2023-06-08,98.764,98.899,98.753,98.885,0.0,0,0
2023-06-09,98.899,98.901,98.731,98.9,0.0,0,0
2023-06-13,98.794,98.899,98.689,98.899,0.0,0,0
2023-06-14,99.89,99.89,98.701,98.9,0.0,0,0
2023-06-15,98.8,98.9,98.705,98.9,0.0,0,0
2023-06-16,98.899,98.9,98.725,98.9,0.0,0,0
2023-06-19,98.8,99.0,98.75,98.9,0.0,0,0
2023-06-20,99.3,99.3,98.75,98.909,0.0,0,0
2023-06-21,98.828,98.901,98.751,98.901,0.0,0,0
2023-06-22,98.781,98.908,98.76,98.9,0.0,0,0
2023-06-23,98.9,98.9,98.7,98.9,0.0,0,0
2023-06-26,98.9,98.952,98.707,98.952,0.0,0,0
2023-06-27,98.952,98.952,98.801,98.95,0.0,0,0
2023-06-28,99.843,100.001,98.75,99.91,1000.0,"7,22","17,99"
2023-06-29,99.998,101.499,99.001,100.997,0.0,0,0
2023-06-30,100.998,100.998,98.825,99.85,0.0,0,0
2023-07-03,100.999,100.999,98.751,99.99,0.0,0,0
2023-07-04,100.957,100.957,98.8,99.934,0.0,0,0
2023-07-05,98.87,99.934,98.838,99.0,0.0,0,0
2023-07-06,98.999,99.053,98.871,99.053,0.0,0,0
2023-07-07,100.782,100.782,98.864,99.051,0.0,0,0
2023-07-10,98.963,100.8,98.84,99.053,0.0,0,0
2023-07-11,99.9,99.9,98.83,99.0,0.0,0,0
2023-07-12,99.0,99.002,98.802,99.0,0.0,0,0
2023-07-13,99.435,99.436,98.881,99.003,0.0,0,0
2023-07-14,100.668,100.668,98.888,99.004,0.0,0,0
2023-07-17,99.004,99.005,98.811,99.001,0.0,0,0
2023-07-18,100.596,100.596,98.917,99.073,0.0,0,0
2023-07-19,99.111,100.404,98.902,99.155,0.0,0,0
2023-07-20,100.298,100.298,98.942,99.172,0.0,0,0
2023-07-21,100.694,100.694,99.0,99.151,0.0,0,0
2023-07-24,99.062,100.388,98.618,99.072,0.0,0,0
2023-07-25,99.003,99.837,98.707,99.049,0.0,0,0
2023-07-26,99.05,99.06,98.6,98.96,0.0,0,0
2023-07-27,99.05,99.057,98.85,98.858,0.0,0,0
2023-07-28,99.757,99.757,98.89,99.102,0.0,0,0
2023-07-31,99.698,99.698,98.853,99.1,0.0,0,0
2023-08-01,99.649,99.649,99.0,99.15,0.0,0,0
2023-08-02,99.546,99.548,99.061,99.15,0.0,0,0
2023-08-03,99.063,99.15,98.955,99.1,0.0,0,0
2023-08-04,99.1,99.107,98.907,99.107,0.0,0,0
2023-08-07,98.994,99.415,98.764,98.89,0.0,0,0
2023-08-08,98.89,98.89,98.75,98.75,0.0,0,0
2023-08-09,98.756,99.046,98.75,98.839,0.0,0,0
2023-08-10,99.127,99.127,98.8,98.841,0.0,0,0
2023-08-11,98.751,98.91,98.75,98.898,0.0,0,0
2023-08-14,98.846,99.699,98.75,98.854,0.0,0,0
2023-08-15,98.856,99.256,98.85,98.889,0.0,0,0
2023-08-16,99.145,99.149,98.859,99.144,0.0,0,0
2023-08-17,99.144,99.148,98.902,99.101,0.0,0,0
2023-08-18,99.399,99.399,98.964,99.193,0.0,0,0
2023-08-21,98.994,99.3,98.994,99.055,0.0,0,0
2023-08-22,99.297,99.298,98.95,99.104,0.0,0,0
2023-08-23,98.96,99.0,98.8,98.801,0.0,0,0
2023-08-24,98.822,99.297,98.803,98.999,0.0,0,0
2023-08-25,99.295,99.295,98.81,98.884,0.0,0,0
2023-08-28,98.882,99.0,98.81,98.899,0.0,0,0
2023-08-29,98.899,99.007,98.86,99.007,0.0,0,0
2023-08-30,98.86,99.0,98.8,98.998,0.0,0,0
2023-08-31,98.824,99.276,98.8,99.005,0.0,0,0
2023-09-01,99.249,99.295,98.862,98.981,0.0,0,0
2023-09-04,99.1,99.123,98.981,99.1,0.0,0,0
2023-09-05,98.999,99.289,98.983,99.099,0.0,0,0
2023-09-06,99.002,99.1,99.0,99.1,0.0,0,0
2023-09-07,99.049,99.498,98.91,99.108,0.0,0,0
2023-09-08,99.289,99.289,98.901,99.099,0.0,0,0
2023-09-11,98.907,99.108,98.819,99.099,0.0,0,0
2023-09-12,99.099,99.246,98.9,99.1,0.0,0,0
2023-09-13,99.246,99.246,98.752,99.1,0.0,0,0
2023-09-14,98.954,99.15,98.954,99.101,0.0,0,0
2023-09-15,99.001,99.2,98.96,99.148,0.0,0,0
2023-09-18,99.002,99.274,98.989,99.158,0.0,0,0
2023-09-19,99.158,99.249,99.021,99.062,0.0,0,0
2023-09-20,99.04,99.251,99.021,99.098,0.0,0,0
2023-09-21,99.2,99.25,99.052,99.249,0.0,0,0
2023-09-22,99.399,99.499,99.05,99.05,0.0,0,0
2023-09-25,99.399,99.95,99.051,99.265,0.0,0,0
2023-09-26,99.949,99.949,99.104,99.2,0.0,0,0
2023-09-27,99.939,99.94,99.2,99.364,1000.0,"9,54","23,78"
2023-09-28,99.261,99.362,99.202,99.35,0.0,0,0
2023-09-29,99.95,99.95,99.215,99.395,0.0,0,0
2023-10-02,99.448,99.5,99.212,99.451,0.0,0,0
2023-10-03,99.45,99.45,99.213,99.4,0.0,0,0
2023-10-04,99.95,99.95,99.215,99.416,0.0,0,0
2023-10-05,99.899,99.899,99.266,99.455,0.0,0,0
2023-10-06,99.455,99.456,99.292,99.453,0.0,0,0
2023-10-09,99.799,100.0,99.308,99.5,0.0,0,0
2023-10-10,99.5,99.549,99.4,99.513,0.0,0,0
2023-10-11,99.898,99.9,99.41,99.55,0.0,0,0
2023-10-12,99.893,99.894,99.335,99.545,0.0,0,0
2023-10-13,99.549,99.552,99.35,99.546,0.0,0,0
2023-10-16,99.405,99.574,99.0,99.465,0.0,0,0
2023-10-17,99.5,99.549,99.371,99.549,0.0,0,0
2023-10-18,99.55,99.551,99.372,99.549,0.0,0,0
2023-10-19,99.506,99.596,99.371,99.555,0.0,0,0
2023-10-20,99.555,99.6,99.352,99.487,0.0,0,0
2023-10-23,99.562,99.699,99.21,99.406,0.0,0,0
2023-10-24,99.3,99.45,99.3,99.381,0.0,0,0
2023-10-25,99.35,99.45,99.3,99.4,0.0,0,0
2023-10-26,99.499,99.499,99.207,99.396,0.0,0,0
2023-10-27,99.255,99.408,99.242,99.407,0.0,0,0
2023-10-30,99.612,99.612,99.293,99.544,0.0,0,0
2023-10-31,99.599,99.769,99.3,99.406,0.0,0,0
2023-11-01,99.569,99.569,99.211,99.402,0.0,0,0
2023-11-02,99.499,99.5,99.217,99.407,0.0,0,0
2023-11-03,99.286,99.404,99.2,99.386,0.0,0,0
2023-11-06,99.28,99.499,99.17,99.302,0.0,0,0
2023-11-07,99.273,99.496,99.251,99.251,0.0,0,0
2023-11-08,99.394,99.397,99.25,99.396,0.0,0,0
2023-11-09,99.396,99.397,99.06,99.201,0.0,0,0
2023-11-10,99.327,99.327,99.01,99.205,0.0,0,0
2023-11-13,99.249,99.299,99.09,99.288,0.0,0,0
2023-11-14,99.298,99.299,99.1,99.296,0.0,0,0
2023-11-15,99.249,99.298,99.15,99.185,0.0,0,0
2023-11-16,99.2,99.298,98.811,99.082,0.0,0,0
2023-11-17,99.205,99.576,99.093,99.415,0.0,0,0
2023-11-20,99.579,99.579,99.13,99.299,0.0,0,0
2023-11-21,99.579,99.579,99.1,99.1,0.0,0,0
2023-11-22,99.076,99.577,98.77,99.1,0.0,0,0
2023-11-23,99.285,99.4,99.112,99.305,0.0,0,0
2023-11-24,99.056,99.398,99.05,99.25,0.0,0,0
2023-11-27,99.126,99.299,99.125,99.298,0.0,0,0
2023-11-28,99.115,99.28,99.115,99.257,0.0,0,0
2023-11-29,99.326,99.326,99.061,99.106,0.0,0,0
2023-11-30,99.255,99.299,99.2,99.296,0.0,0,0
2023-12-01,99.311,99.4,99.205,99.39,0.0,0,0
2023-12-04,99.398,99.399,99.0,99.202,0.0,0,0
2023-12-05,99.291,99.292,99.062,99.289,0.0,0,0
2023-12-06,99.108,99.346,99.09,99.18,0.0,0,0
2023-12-07,99.298,99.351,99.187,99.351,0.0,0,0
2023-12-08,99.35,99.449,99.191,99.42,0.0,0,0
2023-12-11,99.224,99.498,99.224,99.287,0.0,0,0
2023-12-12,99.339,99.449,99.1,99.3,0.0,0,0
2023-12-13,99.419,99.586,99.117,99.501,0.0,0,0
2023-12-14,99.308,99.659,98.944,99.655,0.0,0,0
2023-12-15,99.5,99.813,99.412,99.807,0.0,0,0
2023-12-18,99.701,99.997,99.387,99.809,0.0,0,0
2023-12-19,99.848,99.849,99.412,99.721,0.0,0,0
2023-12-20,99.861,99.861,99.696,99.802,0.0,0,0
2023-12-21,99.887,99.887,99.739,99.756,0.0,0,0
2023-12-22,99.862,99.887,99.8,99.8,0.0,0,0
2023-12-25,99.9,99.942,99.8,99.852,0.0,0,0
2023-12-26,99.997,100.01,99.841,100.001,0.0,0,0
2023-12-27,100.199,100.304,99.99,100.304,1000.0,"13,96","34,81"
2023-12-28,100.113,100.499,99.6,100.18,0.0,0,0
2023-12-29,100.949,101.0,99.613,99.911,0.0,0,0
